final_equity,max_dd_pct
386511.99078750785,-0.24757192416603613
386511.9907875066,-0.11961071326767718
386511.9907875062,-0.23092476569918072
386511.99078750727,-0.20972976059007764
386511.99078750866,-0.22360362168884326
386511.9907875069,-0.1858567208923869
386511.99078750674,-0.14413356865317398
386511.99078750645,-0.1623453080286277
386511.9907875058,-0.17544192602185998
386511.990787507,-0.17290873090659303
386511.99078750686,-0.21275850441937863
386511.9907875059,-0.1189980564823917
386511.99078750744,-0.15042483743616517
386511.9907875068,-0.1546152660861906
386511.99078750674,-0.17681197284486602
386511.9907875077,-0.2750428461408959
386511.99078750715,-0.1575892400855236
386511.9907875071,-0.14309756238710733
386511.9907875074,-0.15836682593261708
386511.99078750744,-0.2214264001569599
386511.9907875074,-0.2442268832905867
386511.9907875078,-0.18329491942068046
386511.9907875063,-0.1414375130402264
386511.9907875064,-0.20676135004619595
386511.9907875065,-0.22796255890654
386511.9907875072,-0.19404441038607742
386511.9907875068,-0.1714044230803918
386511.99078750634,-0.28497272067160184
386511.9907875061,-0.20362756336431273
386511.9907875061,-0.28936691029377687
386511.9907875057,-0.16414951778072287
386511.990787508,-0.1369467858605178
386511.9907875062,-0.1813874436721934
386511.99078750703,-0.18816294281888304
386511.9907875063,-0.19645440983957532
386511.9907875072,-0.17842204669510803
386511.99078750634,-0.2357032898541291
386511.9907875072,-0.150461599846676
386511.99078750715,-0.2649279577037752
386511.9907875066,-0.18668954654536904
386511.9907875069,-0.1611400460024322
386511.9907875066,-0.23345505378140993
386511.99078750645,-0.16648937004947478
386511.99078750773,-0.28899909825338205
386511.99078750727,-0.12362693120584585
386511.9907875055,-0.27027549139139845
386511.9907875075,-0.2686254606906476
386511.9907875067,-0.17817273642626902
386511.9907875076,-0.3087368031255421
386511.99078750674,-0.16061939663407995
386511.9907875078,-0.29591222930044747
386511.9907875072,-0.28628105095796164
386511.9907875061,-0.2110610121955028
386511.9907875066,-0.2035817085833812
386511.99078750634,-0.16323150311187326
386511.99078750727,-0.12345736575033874
386511.9907875082,-0.15667491255882565
386511.9907875076,-0.21632675318419758
386511.9907875061,-0.18075218829683443
386511.99078750744,-0.21017372011948163
386511.9907875069,-0.15548120007689858
386511.9907875078,-0.22075521674536433
386511.99078750674,-0.33949097911994897
386511.99078750634,-0.20404620930667094
386511.99078750634,-0.19783371799082133
386511.99078750727,-0.34961786084596697
386511.9907875067,-0.31972673436113414
386511.99078750686,-0.22547010768966888
386511.99078750645,-0.18132058867004583
386511.9907875079,-0.14237708401702684
386511.9907875065,-0.18010402508225873
386511.9907875064,-0.26374079001118444
386511.9907875078,-0.19861745823727095
386511.9907875075,-0.18830650898787124
386511.99078750634,-0.25119859760061075
386511.9907875068,-0.14553752174729317
386511.99078750797,-0.1676486016111922
386511.99078750686,-0.2988253130658486
386511.9907875071,-0.15562901824487801
386511.99078750744,-0.16336373917668356
386511.990787506,-0.30625145920264996
386511.99078750814,-0.19449084067289668
386511.9907875068,-0.3321053857681596
386511.9907875077,-0.18744507116744638
386511.9907875072,-0.22711797770785505
386511.9907875075,-0.25280932950720997
386511.9907875065,-0.16631126924714118
386511.9907875068,-0.1826166515690296
386511.9907875061,-0.1763613465525345
386511.99078750634,-0.23030270088474333
386511.9907875077,-0.22055705690017463
386511.9907875075,-0.16109989062014515
386511.9907875061,-0.3174985817957654
386511.9907875071,-0.1805054793098326
386511.99078750616,-0.22384208737001074
386511.99078750686,-0.15376703042851755
386511.9907875069,-0.17440914261217197
386511.99078750674,-0.15149401743337268
386511.99078750674,-0.17541037245569824
386511.9907875061,-0.22758647160505868
386511.9907875068,-0.2459546338671903
386511.99078750727,-0.4504113256548146
386511.99078750756,-0.13755125571844418
386511.99078750715,-0.255418258182332
386511.99078750797,-0.24293640790215937
386511.9907875059,-0.1799042537203781
386511.9907875076,-0.21875771774948843
386511.990787507,-0.22765249223533077
386511.9907875068,-0.16561031150261374
386511.9907875071,-0.11955911779839559
386511.9907875072,-0.1217424871717453
386511.9907875067,-0.18411509699033696
386511.9907875071,-0.25103612466325215
386511.9907875075,-0.17289520545118034
386511.9907875068,-0.20730209735595473
386511.99078750703,-0.14429111858048319
386511.99078750674,-0.18625787413034883
386511.9907875072,-0.22211792298660257
386511.99078750674,-0.21577578035230108
386511.99078750564,-0.23428948365370242
386511.99078750703,-0.18154742230993925
386511.990787508,-0.1666799030727659
386511.9907875061,-0.16716158070324186
386511.99078750773,-0.1960840194580779
386511.9907875068,-0.13491595590277985
386511.9907875066,-0.1918267834647388
386511.9907875072,-0.23547480349448183
386511.9907875068,-0.1367678862212347
386511.9907875065,-0.16918808674669927
386511.99078750715,-0.2347310890279091
386511.9907875077,-0.19342137169923146
386511.99078750634,-0.2472834523052827
386511.9907875064,-0.2448007185551291
386511.9907875067,-0.22149633030650379
386511.99078750634,-0.27470500145349847
386511.9907875068,-0.2625740574934118
386511.99078750674,-0.18474191870619636
386511.99078750785,-0.18342295940838327
386511.99078750605,-0.19986161699086455
386511.99078750785,-0.16940987022167767
386511.99078750686,-0.14264745127389894
386511.9907875066,-0.16621584769191775
386511.99078750744,-0.18315426006601995
386511.99078750744,-0.12890822558018258
386511.990787506,-0.18154228013843013
386511.9907875069,-0.1669862795280731
386511.9907875071,-0.2507677003867102
386511.99078750616,-0.13607562742388518
386511.990787507,-0.22086315148569308
386511.9907875064,-0.16325245081253836
386511.99078750686,-0.16932985034232692
386511.9907875056,-0.22629012042178398
386511.9907875071,-0.29372318375694806
386511.99078750727,-0.28861088119528305
386511.9907875067,-0.20377796386759073
386511.99078750715,-0.17843548223170375
386511.99078750756,-0.13471547022616584
386511.9907875064,-0.1467520215645016
386511.9907875067,-0.16149887471164734
386511.99078750657,-0.27750186359574497
386511.9907875074,-0.15519156608452575
386511.9907875079,-0.20212206748889502
386511.9907875061,-0.17694374697827753
386511.9907875065,-0.19899724414315223
386511.99078750703,-0.20076241277723242
386511.9907875067,-0.2078765527237216
386511.99078750634,-0.16133442822606853
386511.99078750744,-0.1433262633825029
386511.9907875054,-0.2598969669153032
386511.99078750616,-0.16017230368701205
386511.99078750616,-0.24103083758456254
386511.99078750703,-0.1379568046877153
386511.9907875059,-0.20072161249984602
386511.99078750686,-0.19327533561348387
386511.9907875075,-0.2645191715582041
386511.99078750744,-0.18639289035584414
386511.990787508,-0.1888652749140397
386511.99078750645,-0.18953941051196857
386511.9907875078,-0.19211150563389717
386511.9907875066,-0.16298067571367794
386511.9907875062,-0.1901525933414743
386511.9907875071,-0.15518217060590814
386511.9907875079,-0.22090736907892675
386511.9907875065,-0.144813598104771
386511.9907875077,-0.25134396155918104
386511.9907875069,-0.1594016822598215
386511.99078750727,-0.14924187516048323
386511.9907875073,-0.166912028437061
386511.9907875066,-0.16031150824484475
386511.9907875071,-0.19140842711728137
386511.9907875067,-0.19129550845705848
386511.9907875064,-0.1908941309934825
386511.9907875065,-0.2104616748259577
386511.9907875066,-0.19431295933504159
386511.99078750703,-0.20659083854406923
386511.9907875067,-0.22636263669799778
386511.9907875069,-0.1422031960214773
386511.99078750686,-0.27096107495496063
386511.9907875065,-0.17564685972905722
386511.99078750634,-0.22801295266113406
386511.99078750686,-0.30267334323042167
386511.99078750715,-0.13954817118612067
386511.99078750797,-0.15361326073024129
386511.9907875064,-0.16602392433178687
386511.99078750703,-0.3273814274525727
386511.99078750703,-0.17485741928323248
386511.99078750645,-0.23009257966321214
386511.9907875074,-0.16118166461004343
386511.9907875061,-0.2168146070561803
386511.9907875059,-0.1791539549637931
386511.99078750634,-0.14497257895350882
386511.9907875064,-0.15077843497494126
386511.9907875066,-0.19280322767208166
386511.99078750634,-0.15890813075510318
386511.9907875076,-0.18781142269753998
386511.9907875071,-0.1829044461497156
386511.99078750727,-0.12935797842068325
386511.99078750727,-0.27365535094842236
386511.99078750674,-0.14223318285900072
386511.99078750686,-0.17923581867708163
386511.9907875075,-0.21173308740260355
386511.99078750744,-0.27526448806430415
386511.9907875074,-0.2855030406410423
386511.99078750523,-0.18775044531886723
386511.99078750645,-0.14220463377769205
386511.9907875074,-0.1948085497356531
386511.9907875071,-0.2639908869311621
386511.9907875074,-0.13881943764874544
386511.9907875076,-0.3511479314267417
386511.99078750634,-0.16612023324816508
386511.990787506,-0.23166449443509937
386511.99078750657,-0.21739211060571467
386511.9907875079,-0.23092538222761558
386511.99078750686,-0.20067242061569332
386511.99078750715,-0.18982229447868182
386511.99078750657,-0.18049144395546543
386511.9907875067,-0.17963447664830004
386511.9907875068,-0.1948841028794266
386511.9907875065,-0.23780025127497986
386511.99078750727,-0.1400104133140643
386511.9907875061,-0.22063259624517162
386511.99078750756,-0.16612584949938794
386511.9907875075,-0.15190238977262774
386511.9907875078,-0.14180588829971488
386511.9907875059,-0.16968137402725406
386511.9907875065,-0.20996748087714412
386511.9907875071,-0.15521598091463817
386511.99078750744,-0.1770821071816774
386511.9907875066,-0.21626048398700953
386511.9907875069,-0.24919293270905632
386511.9907875072,-0.217528121809671
386511.9907875069,-0.360994429461248
386511.990787506,-0.2555073652712038
386511.9907875061,-0.31422581904152774
386511.9907875073,-0.1689533615113399
386511.99078750686,-0.22992050353015575
386511.9907875067,-0.2258835672198819
386511.99078750686,-0.12000116086572413
386511.9907875059,-0.21963997129675977
386511.9907875075,-0.1681471913173524
386511.9907875069,-0.23294648823794398
386511.9907875073,-0.15657150070551723
386511.990787507,-0.1582161936016997
386511.9907875063,-0.24389919234295918
386511.9907875063,-0.18276346751994124
386511.9907875068,-0.22746988106014807
386511.9907875065,-0.230933610789031
386511.99078750645,-0.16244811993164956
386511.99078750575,-0.2048687823549834
386511.99078750703,-0.13996015011872856
386511.99078750674,-0.21386061741390927
386511.99078750756,-0.13878918233068213
386511.9907875069,-0.18635642186037588
386511.9907875076,-0.2966575165561719
386511.9907875077,-0.15315718268417647
386511.9907875076,-0.19017441760529127
386511.9907875057,-0.23595617814513406
386511.99078750634,-0.16749875619570717
386511.9907875069,-0.17028254859534842
386511.99078750686,-0.22524941815807323
386511.99078750855,-0.1760271367014991
386511.99078750674,-0.1866175452906623
386511.9907875081,-0.22046118878462517
386511.99078750773,-0.22712724056275
386511.9907875073,-0.14157436365223736
386511.9907875067,-0.1842075618630243
386511.9907875073,-0.156371163645137
386511.9907875061,-0.30585124274291786
386511.99078750756,-0.26464070086757513
386511.9907875057,-0.19520862662412028
386511.99078750645,-0.2507922467912518
386511.99078750703,-0.16202707185860174
386511.9907875076,-0.15760391784945654
386511.9907875074,-0.1977748563013035
386511.9907875076,-0.19074870042723413
386511.9907875075,-0.24798326685420424
386511.9907875062,-0.2793303073248141
386511.990787507,-0.18128803279863923
386511.9907875068,-0.21527193061988395
386511.99078750715,-0.16882634492586765
386511.99078750703,-0.18120913861631477
386511.99078750674,-0.24989117545333409
386511.99078750773,-0.21023435619247816
386511.99078750686,-0.2399621953460699
386511.9907875073,-0.1637688239949332
386511.99078750657,-0.19785621247358046
386511.9907875069,-0.20435965942179501
386511.99078750674,-0.1397989218642258
386511.9907875068,-0.20118467882360258
386511.9907875065,-0.2736945626901779
386511.9907875064,-0.21440675116824992
386511.99078750657,-0.17543139897476528
386511.9907875071,-0.15460514273700457
386511.9907875067,-0.16381683837407085
386511.9907875064,-0.16622105715173674
386511.99078750686,-0.1974310101733784
386511.9907875068,-0.15334595958056796
386511.99078750634,-0.16129746485081226
386511.9907875069,-0.14946452007351413
386511.990787507,-0.14469005944337512
386511.99078750575,-0.18603465128053906
386511.99078750634,-0.20205396044327728
386511.990787507,-0.17504898283947987
386511.99078750715,-0.1309562195337409
386511.99078750727,-0.3184666317852304
386511.99078750797,-0.22194597815597494
386511.9907875076,-0.2607028784765189
386511.99078750674,-0.1257632610957886
386511.9907875068,-0.20994635399694433
386511.99078750686,-0.20687402818498762
386511.9907875064,-0.16632587525261228
386511.99078750686,-0.1948721291002685
386511.99078750605,-0.1718668172084682
386511.9907875067,-0.2235687257532461
386511.99078750634,-0.18789882300603158
386511.99078750744,-0.27452644665806536
386511.99078750657,-0.16489203669025754
386511.9907875075,-0.18374260844196283
386511.9907875067,-0.196066123016816
386511.9907875073,-0.1764288337259854
386511.99078750674,-0.14648081278239253
386511.9907875069,-0.18013226814122943
386511.99078750634,-0.20421341692977601
386511.9907875074,-0.21603224388649908
386511.99078750575,-0.20616934098100168
386511.9907875067,-0.20142654815166058
386511.9907875067,-0.22487253089631387
386511.99078750645,-0.2015786317535548
386511.9907875076,-0.26067731770887126
386511.9907875067,-0.2351883910940482
386511.9907875063,-0.17188244291732113
386511.9907875074,-0.12541913068378824
386511.99078750703,-0.13339165160834568
386511.9907875065,-0.25042775873433204
386511.99078750645,-0.1406965038218035
386511.99078750715,-0.1827447757276827
386511.99078750657,-0.12098869596071894
386511.990787506,-0.21994122698912102
386511.99078750727,-0.2017983113414401
386511.9907875058,-0.1828269465024855
386511.99078750634,-0.2049423263252254
386511.9907875059,-0.14047328039452214
386511.99078750727,-0.1928523206356667
386511.9907875064,-0.22985265967079244
386511.9907875063,-0.2709761637130696
386511.9907875061,-0.13163704902025722
386511.9907875064,-0.1855705390051315
386511.99078750634,-0.17174617643891785
386511.99078750634,-0.16076987205223925
386511.9907875066,-0.149411479121159
386511.9907875066,-0.23687880925000057
386511.990787507,-0.14755653696959325
386511.9907875065,-0.18351799854141754
386511.9907875066,-0.2210528606369571
386511.9907875069,-0.18591857541092108
386511.9907875068,-0.19533258666797415
386511.9907875061,-0.1857632071570969
386511.99078750727,-0.1492962137501895
386511.9907875076,-0.17243512298139724
386511.9907875072,-0.140933528812726
386511.9907875069,-0.17872287063285075
386511.99078750744,-0.21334128991114304
386511.99078750727,-0.22677932996596073
386511.9907875067,-0.26379773424501607
386511.99078750686,-0.14689577079093236
386511.9907875072,-0.18899048754140585
386511.9907875068,-0.1456327226646713
386511.9907875067,-0.25290936067187403
386511.99078750674,-0.20866488297005628
386511.99078750686,-0.18210081473283396
386511.9907875071,-0.16728377240144762
386511.99078750686,-0.1891536874167015
386511.9907875068,-0.3217936044521285
386511.9907875071,-0.17074148479493562
386511.99078750657,-0.14932375823106678
386511.9907875059,-0.22387724719688537
386511.9907875073,-0.2942365241983774
386511.9907875063,-0.221437220299901
386511.99078750703,-0.20874115315564046
386511.9907875067,-0.22511990392035525
386511.99078750605,-0.1956496216352622
386511.9907875076,-0.1788839468784864
386511.99078750773,-0.20954760310515022
386511.990787507,-0.20237230641810755
386511.99078750715,-0.19920773055851299
386511.99078750657,-0.2170074168717018
386511.9907875075,-0.18420555052950993
386511.99078750587,-0.2453661401587679
386511.99078750703,-0.20025276640567502
386511.9907875071,-0.17731607691121096
386511.99078750634,-0.18443525186212828
386511.99078750715,-0.23851881362451496
386511.9907875061,-0.1752534731312844
386511.9907875079,-0.33420623865177096
386511.99078750703,-0.29840864487341484
386511.99078750756,-0.1622679017046489
386511.990787507,-0.21316668694960378
386511.99078750744,-0.1718277927035564
386511.99078750634,-0.1341852321485191
386511.9907875059,-0.20284293674332443
386511.99078750657,-0.24719597008419578
386511.9907875058,-0.17356506461257845
386511.9907875075,-0.2081964635630623
386511.9907875066,-0.25047854199126535
386511.9907875061,-0.19862519023365227
386511.99078750686,-0.16100815259789494
386511.9907875061,-0.13682655830602866
386511.9907875078,-0.18670369028861283
386511.99078750674,-0.18069759604680383
386511.99078750634,-0.19207074812852812
386511.9907875075,-0.14514517197786742
386511.9907875064,-0.19436634054314167
386511.99078750616,-0.34919381486600676
386511.9907875069,-0.19325267577689853
386511.9907875065,-0.13542197871991327
386511.9907875075,-0.24234301901425082
386511.9907875067,-0.18015237315344598
386511.99078750634,-0.1957950827650902
386511.9907875066,-0.1651595506714324
386511.99078750674,-0.2320710798737693
386511.99078750744,-0.1768122839210452
386511.9907875066,-0.1802337690047116
386511.99078750674,-0.2055965107317912
386511.9907875065,-0.13659299368306288
386511.9907875074,-0.2063809628042282
386511.99078750686,-0.23350434748752813
386511.9907875071,-0.29586082119727947
386511.99078750605,-0.194864567383956
386511.9907875061,-0.16556739614130894
386511.99078750703,-0.19469803857103588
386511.9907875063,-0.28218689217940385
386511.9907875067,-0.2516150415454369
386511.9907875066,-0.1915845108188272
386511.9907875056,-0.18243516078883035
386511.99078750645,-0.1792772215299665
386511.99078750703,-0.1477686229055652
386511.9907875074,-0.1967300316057503
386511.9907875068,-0.2017644835994957
386511.9907875059,-0.17430107449426263
386511.990787506,-0.2915366273405166
386511.9907875072,-0.14385835114308157
386511.99078750686,-0.1400367991242941
386511.9907875075,-0.16161143591513985
386511.9907875076,-0.22038487139643614
386511.99078750634,-0.1976092571417273
386511.9907875075,-0.17344919895772193
386511.9907875077,-0.17747365118560848
386511.9907875074,-0.18746144352382788
386511.9907875064,-0.2078290904654819
386511.9907875062,-0.18683330918262833
386511.9907875065,-0.1786779601789814
386511.99078750674,-0.2296203094776373
386511.9907875071,-0.16319783175965782
386511.99078750645,-0.1456304721937232
386511.9907875065,-0.26306939962292986
386511.99078750715,-0.18750959030408643
386511.9907875064,-0.17212747566110218
386511.99078750686,-0.26510640986169215
386511.99078750703,-0.2171886098760077
386511.9907875067,-0.21378780186069044
386511.99078750657,-0.19070540282392537
386511.99078750703,-0.13007239520029654
386511.9907875075,-0.1543650021372034
386511.99078750773,-0.21603019147022517
386511.9907875073,-0.16956113899404432
386511.99078750634,-0.15445464720860094
386511.990787507,-0.2100424964956339
386511.99078750674,-0.26543652908571597
386511.9907875076,-0.22384602354999267
386511.9907875072,-0.26006876030746895
386511.9907875068,-0.2716118812147654
386511.9907875056,-0.32929468380853016
386511.9907875062,-0.23350323839521883
386511.9907875071,-0.2009840089098573
386511.990787507,-0.18590801291574435
386511.9907875073,-0.16868153767819272
386511.9907875063,-0.2352590018952688
386511.9907875055,-0.12487126284539209
386511.9907875059,-0.17445837606204356
386511.9907875075,-0.127685389091172
386511.99078750634,-0.18354067748521558
386511.99078750727,-0.16276590288216522
386511.9907875067,-0.2028777618780168
386511.9907875064,-0.17469464780801908
386511.99078750686,-0.17042415807555217
386511.9907875069,-0.17547400369518706
386511.9907875057,-0.31151275136485257
386511.99078750756,-0.15474360936933992
386511.9907875062,-0.1761206203223754
386511.9907875066,-0.24864103442671276
386511.99078750715,-0.26745627430466706
386511.9907875068,-0.13441847830264947
386511.9907875065,-0.18242786623752225
386511.9907875062,-0.16500291249969049
386511.99078750686,-0.16614239627501587
386511.9907875076,-0.17433309570747021
386511.9907875065,-0.2086328249652237
386511.9907875061,-0.33453419341322677
386511.9907875058,-0.13445628483564392
386511.9907875065,-0.1837947736875516
386511.99078750674,-0.15235182342388776
386511.9907875071,-0.188889025554961
386511.9907875079,-0.2840077597081523
386511.9907875071,-0.21378543965974692
386511.99078750744,-0.17398944806236974
386511.99078750657,-0.1609320021640839
386511.9907875067,-0.2696088293636367
386511.99078750686,-0.19266106666191807
386511.99078750645,-0.14046031512581209
386511.9907875066,-0.40711050657080877
386511.99078750715,-0.19411065918801126
386511.99078750756,-0.2485720618615065
386511.9907875064,-0.13624449004522932
386511.99078750703,-0.18330018910198448
386511.990787507,-0.22106334555552673
386511.99078750703,-0.16887880383158285
386511.9907875078,-0.2414929008399217
386511.9907875074,-0.1814421388679554
386511.9907875067,-0.12090813582988352
386511.9907875065,-0.19247259125393976
386511.99078750645,-0.13976092036601545
386511.99078750657,-0.19192185364553097
386511.9907875067,-0.19047248629352403
386511.9907875065,-0.13186864600823453
386511.99078750616,-0.1656058635205351
386511.9907875054,-0.18989476514493125
386511.9907875067,-0.2301767621364332
386511.9907875067,-0.35494308021510357
386511.990787507,-0.3081382709561589
386511.99078750686,-0.18673277256918822
386511.9907875062,-0.16226644338826277
386511.9907875064,-0.20671634880693948
386511.9907875059,-0.2279571278380998
386511.9907875083,-0.16482825487922775
386511.9907875066,-0.3168473144025404
386511.9907875061,-0.13317707284060484
386511.99078750634,-0.22126919985619042
386511.9907875067,-0.20734576542264677
386511.9907875058,-0.1912661286331671
386511.9907875078,-0.23881794949316443
386511.9907875065,-0.18698592580077644
386511.9907875065,-0.2355699943459904
386511.99078750616,-0.24335565237166334
386511.9907875063,-0.22743661687621416
386511.99078750744,-0.2134351697388186
386511.99078750674,-0.30769351719320265
386511.99078750686,-0.17762668558567168
386511.99078750727,-0.16870127490798112
386511.99078750674,-0.3294451609089096
386511.9907875069,-0.210553442144163
386511.990787508,-0.21579326004183733
386511.99078750756,-0.15010790098121365
386511.990787507,-0.2029636372076044
386511.9907875066,-0.2552390957952471
386511.9907875068,-0.19761327353407077
386511.99078750686,-0.29429144150319836
386511.9907875065,-0.2548518078066608
386511.9907875066,-0.19019562642827847
386511.9907875059,-0.15077152624675316
386511.9907875061,-0.23662703111462627
386511.99078750634,-0.15016062124235227
386511.9907875058,-0.21571945760378008
386511.99078750797,-0.15442254250354023
386511.99078750616,-0.1955350536741925
386511.9907875067,-0.3205941932417093
386511.99078750686,-0.09820258611420642
386511.9907875067,-0.20384884030538442
386511.990787507,-0.22092883073836267
386511.990787507,-0.2241810826807805
386511.9907875076,-0.23498616853717993
386511.9907875066,-0.24615818052664776
386511.9907875072,-0.2220024219401953
386511.99078750686,-0.14295330096869746
386511.99078750616,-0.15672797455511098
386511.99078750727,-0.19699216677551615
386511.99078750587,-0.215241046962715
386511.9907875066,-0.27199046625904344
386511.9907875065,-0.17539623259761308
386511.99078750657,-0.18431757516502148
386511.9907875072,-0.16145707855969071
386511.9907875065,-0.17622662692151242
386511.9907875063,-0.1539804340122619
386511.99078750843,-0.25427740102210566
386511.99078750674,-0.19544241867705675
386511.9907875066,-0.19469250747717295
386511.99078750756,-0.15800659286668442
386511.9907875078,-0.1778142702420165
386511.99078750686,-0.19073567299015373
386511.9907875074,-0.17127122927337793
386511.9907875068,-0.20735963224231144
386511.9907875064,-0.1792344027761992
386511.99078750634,-0.16502465564088903
386511.9907875075,-0.19939900672516261
386511.99078750686,-0.21967723864423275
386511.99078750727,-0.1523453098779119
386511.99078750773,-0.17996907895027078
386511.9907875065,-0.1412718822150038
386511.9907875059,-0.27229260826257656
386511.99078750715,-0.26657320072231794
386511.99078750645,-0.17428032254601733
386511.9907875073,-0.19756124443824902
386511.9907875064,-0.1613261349981386
386511.99078750756,-0.1525821137930589
386511.9907875072,-0.16174703396528334
386511.9907875067,-0.18539871179412054
386511.9907875069,-0.14769784537619055
386511.9907875064,-0.22896800034821607
386511.990787506,-0.22362040960657303
386511.99078750686,-0.18510827709295552
386511.99078750715,-0.2368190700152444
386511.9907875056,-0.18471732908853752
386511.99078750645,-0.16185644061463766
386511.9907875065,-0.1422675132876965
386511.9907875065,-0.3501553641786828
386511.9907875073,-0.1803607150915865
386511.9907875068,-0.353614177962402
386511.99078750686,-0.17688378522243617
386511.99078750605,-0.20429150690832398
386511.9907875071,-0.23144651080453102
386511.99078750645,-0.15124076889627253
386511.9907875067,-0.17718496875019987
386511.99078750686,-0.18383204243469758
386511.990787507,-0.14158136083965323
386511.9907875067,-0.18423700213707656
386511.9907875065,-0.18212587673315006
386511.9907875075,-0.2240886622265268
386511.9907875078,-0.18399606199224697
386511.99078750785,-0.17175051220137835
386511.990787507,-0.17013449562422892
386511.99078750686,-0.22360343987977477
386511.99078750616,-0.19193886443072905
386511.9907875065,-0.19441064340342692
386511.99078750645,-0.19297052251094032
386511.99078750657,-0.2381042308975113
386511.99078750587,-0.18735429092461034
386511.99078750727,-0.18513655468837134
386511.9907875064,-0.2686666050804068
386511.9907875076,-0.1147547393666308
386511.99078750674,-0.138829282637981
386511.99078750744,-0.15324618922869798
386511.99078750686,-0.2108497149280946
386511.99078750686,-0.22438750092266
386511.9907875069,-0.2335186523177232
386511.99078750587,-0.23806969296622477
386511.99078750686,-0.21072275364390808
386511.9907875071,-0.20886683802101733
386511.9907875064,-0.24105838994363657
386511.99078750744,-0.20001950399414387
386511.9907875067,-0.1544991768628476
386511.9907875057,-0.27486272952800117
386511.9907875066,-0.17234117906723265
386511.9907875082,-0.1258870696185621
386511.9907875072,-0.20366493175041556
386511.9907875075,-0.31349227183994316
386511.9907875068,-0.20767826785298113
386511.99078750727,-0.2051055560242705
386511.99078750686,-0.15599277159129618
386511.9907875069,-0.16559245212202714
386511.9907875068,-0.1230422606818955
386511.9907875068,-0.1383070153133934
386511.9907875072,-0.25067794615434047
386511.9907875067,-0.17081251450352222
386511.99078750686,-0.22020635583695594
386511.9907875067,-0.15187464156677777
386511.9907875075,-0.14299257106101318
386511.99078750744,-0.18162568899580597
386511.9907875074,-0.15035705482174822
386511.9907875067,-0.18237607157031818
386511.9907875056,-0.17032977213400244
386511.9907875067,-0.18748176907594127
386511.9907875071,-0.17140594657134292
386511.990787507,-0.16478751523871565
386511.99078750686,-0.15826030644874708
386511.9907875079,-0.2573995097175577
386511.9907875071,-0.15891602960445847
386511.9907875066,-0.15783731218060318
386511.9907875064,-0.1537463767048486
386511.9907875058,-0.14634700120114155
386511.99078750744,-0.22641221901297273
386511.9907875076,-0.1464761392662646
386511.9907875069,-0.17630998440697843
386511.9907875069,-0.18219906069093886
386511.9907875065,-0.23714650389139266
386511.9907875067,-0.2697793686155043
386511.9907875068,-0.1795688561251144
386511.99078750727,-0.2273279330800544
386511.99078750744,-0.1602771118332421
386511.9907875067,-0.20527721387369616
386511.99078750634,-0.17146881338086103
386511.9907875059,-0.1331226040903481
386511.99078750727,-0.23006500314610653
386511.99078750686,-0.19954008332144124
386511.99078750703,-0.18476985243802135
386511.99078750686,-0.27621625574754854
386511.9907875087,-0.20994614336282946
386511.9907875074,-0.20247938274292962
386511.99078750715,-0.2753947394051983
386511.99078750744,-0.19928134824341537
386511.99078750686,-0.28018310348366915
386511.9907875071,-0.14301044366339827
386511.990787507,-0.1674562601997231
386511.9907875071,-0.22791372952612793
386511.99078750686,-0.21554421015213635
386511.9907875072,-0.13644272928903742
386511.9907875065,-0.19903146663556764
386511.9907875073,-0.33487793460179915
386511.99078750657,-0.17108578719455741
386511.9907875059,-0.21633158045547057
386511.990787507,-0.22225228497765742
386511.9907875067,-0.20566510788422146
386511.9907875073,-0.21198374125358965
386511.9907875077,-0.29085594697104616
386511.9907875067,-0.23746144276130338
386511.99078750744,-0.1888121933064349
386511.9907875067,-0.21900697736338862
386511.9907875072,-0.23701334508720137
386511.99078750605,-0.1674706574127337
386511.9907875065,-0.1976447458941558
386511.9907875072,-0.20109217037951332
386511.9907875073,-0.18923820644166597
386511.99078750657,-0.28903632448658956
386511.9907875075,-0.20316442649063715
386511.99078750727,-0.22372547640497606
386511.99078750727,-0.1354295392050605
386511.99078750587,-0.16875080861508823
386511.9907875067,-0.18766181571715382
386511.99078750686,-0.18086688474852136
386511.9907875075,-0.1825395342242041
386511.9907875061,-0.13327544120182672
386511.9907875067,-0.15774937140243475
386511.99078750634,-0.14854862031710458
386511.99078750575,-0.2087222792994314
386511.99078750616,-0.17157664040105425
386511.9907875068,-0.23868301552920052
386511.9907875059,-0.19336430778544492
386511.9907875071,-0.167615808475626
386511.99078750785,-0.15923255086935453
386511.99078750616,-0.159381626640983
386511.99078750634,-0.17976798536195843
386511.990787506,-0.14662313049071166
386511.99078750703,-0.20264159161734616
386511.9907875065,-0.22322943760836664
386511.9907875056,-0.16299353079047413
386511.99078750686,-0.2693096022583067
386511.9907875074,-0.15543241219774687
386511.9907875075,-0.18406696170513082
386511.99078750686,-0.16971434807619953
386511.99078750727,-0.15450314210531596
386511.9907875066,-0.19579246998662556
386511.9907875073,-0.3275903410671587
386511.99078750814,-0.15452449757767808
386511.99078750564,-0.18464357988971958
386511.9907875071,-0.16656185284260222
386511.9907875067,-0.16707219367795148
386511.9907875076,-0.20686618705632523
386511.99078750744,-0.15057081299728753
386511.99078750616,-0.24139600807086187
386511.99078750715,-0.17333833391850184
386511.99078750727,-0.16193858021545668
386511.99078750686,-0.159287280670375
386511.99078750587,-0.281129159655136
386511.99078750686,-0.1882146614015259
386511.9907875072,-0.1993225123984835
386511.9907875077,-0.2663086650506325
386511.990787507,-0.14040034695551412
386511.99078750686,-0.2163230875186366
386511.9907875064,-0.20565386086956375
386511.99078750634,-0.15158960144456401
386511.9907875062,-0.1853875166819367
386511.99078750744,-0.19892906772289456
386511.99078750703,-0.20228490620006034
386511.9907875062,-0.2599341349481185
386511.9907875068,-0.179588933262935
386511.99078750686,-0.19858177968961044
386511.9907875077,-0.14649005259845502
386511.99078750773,-0.20178930281277294
386511.99078750634,-0.247222188311998
386511.9907875061,-0.19430091647673037
386511.99078750686,-0.2032965262914348
386511.9907875068,-0.21353263401882155
386511.99078750575,-0.20971037908663007
386511.99078750657,-0.20411617695952655
386511.9907875073,-0.16127575110242015
386511.990787507,-0.225834222770934
386511.9907875073,-0.3001810113845102
386511.99078750645,-0.272017539674756
386511.9907875071,-0.14788373220906045
386511.9907875068,-0.14586312087939404
386511.9907875057,-0.3132951498441459
386511.990787507,-0.235146856466453
386511.9907875059,-0.17756738045308654
386511.99078750657,-0.14837861466060995
386511.9907875071,-0.14400326941975147
386511.99078750715,-0.20523691253854698
386511.9907875061,-0.21275223102575
386511.990787508,-0.31434273070976276
386511.99078750575,-0.1869209101030941
386511.9907875065,-0.1740154903080035
386511.9907875065,-0.1897872981994884
386511.990787507,-0.16870988194049763
386511.9907875068,-0.43190345997595664
386511.9907875071,-0.1466953156435228
386511.99078750727,-0.23675347854994566
386511.9907875065,-0.17385496148958354
386511.99078750703,-0.260387915905281
386511.9907875068,-0.16828826830919905
386511.9907875068,-0.1808983460421935
386511.9907875061,-0.19087913965931824
386511.99078750686,-0.22010304322584082
386511.99078750575,-0.2028906115391894
386511.99078750686,-0.20115172551865085
386511.9907875068,-0.23747082273401995
386511.99078750703,-0.1820882492291345
386511.99078750727,-0.18303934527659246
386511.99078750674,-0.15938124878935775
386511.99078750686,-0.18556194597733291
386511.9907875067,-0.2067828872775459
386511.99078750703,-0.23474799814622696
386511.9907875072,-0.1978387912375398
386511.9907875056,-0.16518336409509904
386511.99078750756,-0.24123694982103783
386511.99078750634,-0.20517514413158328
386511.9907875068,-0.1792898643614893
386511.9907875063,-0.1749673327843345
386511.9907875056,-0.1829881276042413
386511.9907875069,-0.252387475492079
386511.99078750703,-0.1576264427900112
386511.9907875078,-0.1606729072838264
386511.99078750587,-0.1578331919752091
386511.9907875067,-0.21608751387264577
386511.99078750674,-0.1995686646798657
386511.99078750686,-0.14019361654152607
386511.99078750686,-0.19247912175350115
386511.9907875066,-0.16865217739713798
386511.99078750634,-0.250727122885359
386511.99078750686,-0.19081246442963695
386511.99078750634,-0.20271031192085154
386511.9907875065,-0.17261498565101
386511.9907875072,-0.1967296675338878
386511.9907875067,-0.18928841011744615
386511.9907875064,-0.21227354476983706
386511.9907875067,-0.15939206941517867
386511.99078750674,-0.2743542332238211
386511.9907875075,-0.1796357203057266
386511.99078750756,-0.164449627949063
386511.9907875067,-0.17806739099878918
386511.9907875056,-0.2921487022382384
386511.9907875054,-0.1803103578620363
386511.9907875068,-0.29099710169203025
386511.99078750634,-0.2726272146843307
386511.99078750657,-0.3215482939800686
386511.990787507,-0.15871872639039702
386511.9907875066,-0.2023564117813491
386511.990787507,-0.1227029663286511
386511.99078750674,-0.10130774636422246
386511.9907875065,-0.19671368649281432
386511.990787507,-0.14798990930544775
386511.9907875067,-0.20361509486077708
386511.9907875077,-0.20105323493143784
386511.9907875067,-0.329703733581162
386511.9907875066,-0.2057398483645278
386511.9907875071,-0.13732331247487314
386511.9907875064,-0.21527486480506877
386511.99078750674,-0.2022541772121157
386511.99078750715,-0.225138502316893
386511.9907875072,-0.20451251539471818
386511.99078750645,-0.25355397847109207
386511.9907875068,-0.21518276028538236
386511.99078750727,-0.17316014424804035
386511.99078750634,-0.23790250803641835
386511.9907875067,-0.24290963938962906
386511.99078750727,-0.13880422801765885
386511.9907875075,-0.1338042492379038
386511.9907875069,-0.14880191521778274
386511.9907875071,-0.24806889862363432
386511.99078750587,-0.24644135435270664
386511.9907875069,-0.2191171762626449
386511.9907875067,-0.1965261341664438
386511.990787507,-0.20923910953299465
386511.9907875072,-0.18930563912751344
386511.9907875067,-0.25519556865593707
386511.99078750727,-0.16616190305126552
386511.99078750686,-0.16976190974443806
386511.9907875071,-0.1754636835782912
386511.99078750686,-0.21999458428516225
386511.99078750715,-0.13693949010840692
386511.9907875074,-0.2370497502624062
386511.9907875077,-0.24434506333562536
386511.9907875061,-0.20328617079347053
386511.99078750686,-0.16804866311572875
386511.9907875071,-0.13629784643187895
386511.9907875059,-0.2813821669377174
386511.9907875061,-0.2206537582945904
386511.9907875076,-0.18407546774083186
386511.9907875071,-0.18147431428114588
386511.9907875067,-0.19078208905877148
386511.99078750674,-0.21381569534003456
386511.9907875067,-0.19653248624951622
386511.99078750657,-0.19406950420821809
386511.9907875067,-0.20342581959138462
386511.9907875071,-0.18960075855375363
386511.99078750674,-0.12600281597323942
386511.9907875065,-0.2624641078105789
386511.9907875075,-0.22652557862151126
386511.99078750744,-0.19695055222553456
386511.9907875071,-0.14410535143325895
386511.99078750634,-0.23388726099015017
386511.99078750686,-0.2097691356358075
386511.9907875079,-0.17161866230426112
386511.9907875061,-0.13270251690948748
386511.99078750605,-0.1513190657539289
386511.9907875052,-0.1280109643211509
386511.9907875056,-0.2972292880743249
386511.9907875067,-0.2420419777802252
386511.9907875052,-0.15583535406530996
386511.99078750715,-0.18957450313227092
386511.9907875071,-0.19174748962473956
386511.99078750686,-0.21144826325813207
386511.99078750674,-0.192648589729891
386511.9907875059,-0.15829742738144514
386511.99078750645,-0.25837421986069303
386511.9907875057,-0.18162821708639088
386511.99078750703,-0.24137685470486758
386511.9907875068,-0.188236612357682
386511.9907875088,-0.20880848805421193
386511.9907875073,-0.2604420245401726
386511.9907875071,-0.23380825279526046
386511.99078750657,-0.20220098027977476
386511.9907875059,-0.16638916426688827
386511.9907875058,-0.17543525321598238
386511.99078750703,-0.25309329255285945
386511.99078750686,-0.2944960658347657
386511.9907875071,-0.18970147707411317
386511.9907875067,-0.14175643596275364
386511.9907875063,-0.16908590172596102
386511.99078750674,-0.1468710174391956
386511.990787507,-0.16113524324152884
386511.9907875059,-0.16722608356589777
386511.9907875069,-0.13497522815219057
386511.99078750727,-0.1513247469239858
386511.9907875071,-0.12704590590137513
386511.99078750657,-0.2887810895229233
386511.9907875076,-0.3420847138768839
386511.99078750756,-0.17699539665196976
386511.99078750634,-0.10850276058933316
386511.9907875072,-0.21185887381957025
386511.9907875065,-0.21673804328080634
386511.9907875064,-0.21390458290153497
386511.9907875071,-0.21019052291039458
386511.9907875066,-0.20022628401276832
386511.99078750634,-0.2800365341502447
386511.9907875076,-0.21647398469711798
386511.9907875076,-0.16984981631431137
386511.99078750634,-0.2623074793658018
386511.9907875068,-0.17712119821058014
386511.9907875064,-0.21595223769233868
386511.9907875071,-0.19498251038502804
386511.9907875063,-0.18527036896587057
386511.9907875074,-0.22036871728022817
386511.9907875066,-0.20923880563290564
386511.99078750703,-0.18347572279487803
386511.9907875067,-0.18875482872915555
386511.9907875071,-0.21351284121067599
386511.99078750703,-0.2627109891272778
386511.9907875065,-0.17692217272379737
386511.99078750634,-0.16244788646653346
386511.99078750686,-0.13758011525056507
386511.9907875061,-0.2927478759131915
386511.9907875067,-0.2143921806649729
386511.99078750674,-0.1740512480452308
386511.9907875068,-0.24152253777318797
386511.9907875068,-0.18846430445642876
386511.99078750564,-0.154451616393351
386511.99078750674,-0.1372431401048996
386511.99078750727,-0.17333854569482768
386511.9907875061,-0.31068533137395615
386511.9907875072,-0.21304121901486153
386511.99078750634,-0.12327954305914231
386511.99078750657,-0.2758637044829366
386511.99078750616,-0.293257854653478
386511.9907875073,-0.21649956383663557
386511.9907875068,-0.254804813939226
386511.9907875077,-0.18483246802173486
386511.99078750744,-0.17405113876359235
386511.9907875065,-0.2131260762170923
386511.99078750744,-0.18231846948567562
386511.99078750674,-0.20927141344961261
386511.9907875076,-0.22193059041015506
386511.99078750674,-0.17829618748435444
386511.9907875076,-0.19392977320927765
386511.99078750616,-0.21067924977680996
386511.9907875062,-0.16527980839846215
386511.99078750703,-0.1958550487067047
386511.9907875072,-0.3121052500619974
386511.9907875063,-0.18566509264160025
386511.9907875068,-0.23402868260147003
386511.9907875074,-0.2017961801971339
386511.99078750727,-0.3102564992151096
386511.9907875065,-0.2216650144038525
386511.9907875069,-0.2204318468920883
386511.99078750674,-0.14549173522426992
386511.99078750686,-0.1559012029741502
386511.9907875071,-0.2751097758679506
386511.99078750616,-0.2441171583831564
386511.99078750727,-0.21626985887356823
386511.99078750744,-0.14490423664017
386511.9907875059,-0.23723944857998852
386511.99078750634,-0.25927833391746985
386511.9907875058,-0.13796277836238294
386511.9907875065,-0.12643102447034063
386511.99078750605,-0.18682098722053306
386511.9907875064,-0.1304397730268256
386511.9907875074,-0.20600113405024476
386511.99078750703,-0.17462143983011777
386511.99078750634,-0.16315266359804262
386511.99078750727,-0.14865909729825305
386511.99078750686,-0.2273974837168827
386511.99078750686,-0.24632593179795575
386511.9907875072,-0.1796902966668548
386511.9907875065,-0.20735021641684265
386511.99078750686,-0.17577254818445878
386511.9907875067,-0.20237671021806908
386511.9907875065,-0.15748785988109007
386511.9907875068,-0.15627388932065597
386511.99078750523,-0.14764350559583636
386511.9907875078,-0.13830559658577324
386511.99078750744,-0.22611935473643
386511.99078750674,-0.2189205478084088
386511.99078750686,-0.20367069094141904
386511.9907875066,-0.19874742872665271
386511.99078750727,-0.24983313521640252
386511.9907875059,-0.1739460081678417
386511.99078750686,-0.23737011381262713
386511.9907875076,-0.21529865036513418
386511.9907875077,-0.18910692815210733
386511.99078750645,-0.2025015230439853
386511.990787507,-0.22328967278647344
386511.9907875065,-0.18539494588499703
386511.9907875069,-0.22805168746579582
386511.9907875071,-0.14571120877661015
386511.990787507,-0.16675797524599917
386511.9907875072,-0.22350470013976664
386511.9907875071,-0.19701299482708826
386511.99078750715,-0.3167318368395868
386511.9907875075,-0.18543950095466608
386511.99078750605,-0.13223875403985705
386511.99078750605,-0.1848176787862302
386511.99078750727,-0.1621770908714067
386511.9907875074,-0.1512014876538559
386511.99078750657,-0.19502157288323468
386511.9907875071,-0.180869920650225
386511.9907875062,-0.18316666756214015
386511.99078750797,-0.21770900746985655
386511.99078750715,-0.19908953445859642
386511.9907875067,-0.17695611057541805
386511.9907875084,-0.28383944432875075
386511.9907875072,-0.2042572229043919
386511.9907875078,-0.1747835081772458
386511.9907875077,-0.1420538123040522
386511.9907875067,-0.2267638618215125
386511.9907875074,-0.14343835271925356
386511.99078750686,-0.2795857710506155
386511.99078750634,-0.16059590869609383
386511.9907875066,-0.24415828083500918
386511.99078750797,-0.2535297398953277
386511.9907875066,-0.26021370412441325
386511.9907875075,-0.17557712713605997
386511.9907875071,-0.1876180306590323
386511.9907875063,-0.25023902259453307
386511.9907875065,-0.2580554744002004
386511.9907875066,-0.22654484960890917
386511.99078750686,-0.13460003685696792
386511.9907875069,-0.20148929527061127
386511.9907875071,-0.1908524452204342
386511.9907875069,-0.14474982701090183
386511.99078750657,-0.20626637533791894
386511.9907875073,-0.13453899303900543
386511.99078750587,-0.18854814199831751
386511.99078750634,-0.15618943098919807
386511.9907875071,-0.1891591393498319
386511.9907875067,-0.16655284774359222
386511.99078750727,-0.17522938397274906
386511.9907875062,-0.2615967565085764
386511.99078750587,-0.1356538342872001
386511.9907875061,-0.2112816137864654
386511.990787507,-0.17305743021909498
386511.99078750756,-0.22738135512809282
386511.9907875056,-0.17301282482230412
386511.9907875067,-0.21392482041424185
386511.99078750727,-0.21969224844564203
386511.99078750686,-0.14685059607505788
386511.99078750686,-0.16697743602926254
386511.99078750657,-0.18207486093434128
386511.990787507,-0.2989460490640329
386511.99078750744,-0.248802174738864
386511.99078750703,-0.18657172649169515
386511.9907875075,-0.21735016147125935
386511.9907875069,-0.19981444958656727
386511.9907875069,-0.24767663874495546
386511.99078750674,-0.19976366017210867
386511.99078750564,-0.16238642748147197
386511.9907875076,-0.24585658447676267
386511.99078750773,-0.21401241094164597
386511.9907875062,-0.32377961811679795
386511.990787507,-0.18690797937183373
386511.9907875069,-0.14562627377442536
386511.99078750686,-0.168402979711991
386511.99078750727,-0.1663105368224998
386511.99078750634,-0.23539438347425365
386511.9907875073,-0.23577220113213618
386511.99078750634,-0.14375062148187218
386511.99078750756,-0.13825561809274203
386511.99078750715,-0.17600397667751821
386511.9907875081,-0.17383570245710586
386511.9907875062,-0.27805053930771373
386511.9907875062,-0.12396386608449653
386511.99078750686,-0.26641463608124816
386511.99078750715,-0.17367876806643684
386511.9907875066,-0.27904671764407146
386511.99078750686,-0.1908397564263648
386511.9907875058,-0.1995030907382808
386511.9907875072,-0.1698221741480453
386511.99078750616,-0.22023477271213546
386511.9907875084,-0.19015370812647464
386511.9907875063,-0.15294012969150692
386511.9907875061,-0.23626690742842135
386511.9907875067,-0.21363969452625595
386511.9907875071,-0.16964534320604457
386511.9907875062,-0.20538855774358347
386511.9907875065,-0.1534180842421485
386511.99078750715,-0.18031256339246507
386511.9907875074,-0.11752277882560014
386511.9907875065,-0.18675301269796235
386511.9907875067,-0.27199719997862226
386511.9907875079,-0.19558622915609988
386511.9907875065,-0.11621343059872723
386511.99078750605,-0.20329510897218253
386511.9907875067,-0.15602523747872096
386511.99078750715,-0.14482420770844423
386511.99078750686,-0.20143469306482803
386511.9907875072,-0.243360208720178
386511.99078750727,-0.21174204919225206
386511.9907875059,-0.2650469770932217
386511.9907875076,-0.212300230974099
386511.99078750674,-0.17507659167582051
386511.99078750657,-0.20044043792973665
386511.9907875067,-0.17938490577224186
386511.99078750645,-0.1977801096026842
386511.99078750727,-0.14296463606434143
386511.99078750686,-0.13618994211982188
386511.99078750773,-0.16988684178231112
386511.99078750645,-0.1867327457375096
386511.9907875054,-0.22120421761002035
386511.99078750616,-0.14447854938721946
386511.9907875062,-0.2991691114639065
386511.9907875067,-0.33608276620640914
386511.99078750686,-0.2017826510270601
386511.9907875076,-0.18711321752741075
386511.9907875064,-0.1618247571351361
386511.9907875073,-0.25608360227738325
386511.99078750634,-0.1623017071973973
386511.9907875053,-0.1360139380088506
386511.99078750686,-0.17411933098053317
386511.9907875076,-0.21127180839919824
386511.99078750715,-0.20744480422294626
386511.9907875059,-0.1763257797446928
386511.9907875061,-0.14793147306558124
386511.990787506,-0.2281757830426487
386511.9907875065,-0.1763448597123852
386511.9907875072,-0.20398938080075152
386511.99078750674,-0.15193459911533067
386511.9907875061,-0.16368717040665956
386511.99078750744,-0.2400693199663548
386511.9907875072,-0.174073082468683
386511.9907875071,-0.19548909913856502
386511.9907875076,-0.22591108009288652
386511.99078750727,-0.14038127671925932
386511.9907875059,-0.22735642951903615
386511.9907875066,-0.16910408363054333
386511.99078750727,-0.2927723057059458
386511.9907875072,-0.22792380333929577
386511.99078750634,-0.2217207554184232
386511.9907875071,-0.2426711651677742
386511.99078750727,-0.2604546737797203
386511.990787508,-0.18489756729521353
386511.99078750727,-0.2394237360446418
386511.9907875064,-0.3715274662739747
386511.99078750657,-0.2892884605250435
386511.9907875074,-0.14864394226636787
386511.99078750797,-0.1824237783697426
386511.9907875063,-0.18843416700172078
386511.990787507,-0.3086633479701249
386511.990787507,-0.14405620683086798
386511.9907875073,-0.18320691153136012
386511.99078750715,-0.17135084115506347
386511.99078750686,-0.17292031121058346
386511.9907875078,-0.18547815074412133
386511.990787506,-0.15237892253245874
386511.99078750686,-0.13194167569261242
386511.9907875073,-0.1703277737020242
386511.99078750756,-0.20522886229966145
386511.9907875059,-0.1381861366009962
386511.9907875069,-0.23142134659046143
386511.99078750657,-0.19858626128888893
386511.99078750634,-0.16715376493928927
386511.9907875072,-0.2361385476843682
386511.9907875071,-0.17426519737222365
386511.99078750616,-0.13499950838064936
386511.9907875068,-0.18103446097356457
386511.9907875078,-0.17882199111529765
386511.9907875058,-0.2577080864111006
386511.99078750657,-0.1408706639768908
386511.9907875064,-0.2402198293341126
386511.9907875071,-0.20247480592408304
386511.9907875067,-0.12696694963772276
386511.99078750773,-0.24140095847327456
386511.99078750686,-0.2101643741924844
386511.9907875059,-0.20742340693763722
386511.9907875071,-0.20399847577158384
386511.9907875071,-0.1853379308106349
386511.9907875067,-0.2326230502863634
386511.9907875064,-0.1581046098471284
386511.9907875061,-0.18070607139822972
386511.9907875078,-0.16584755637958212
386511.9907875058,-0.32831748245441267
386511.99078750686,-0.26492361144568294
386511.9907875072,-0.1594266864967515
386511.99078750727,-0.127365884801387
386511.9907875071,-0.1379553352258011
386511.99078750587,-0.1669606690077055
386511.9907875067,-0.1354286758301467
386511.99078750634,-0.17457242028469344
386511.9907875071,-0.31329912725911474
386511.9907875067,-0.20034248494901985
386511.9907875071,-0.30401609259616386
386511.9907875062,-0.19626702643929372
386511.99078750686,-0.21388484066259444
386511.99078750703,-0.19472122499593508
386511.99078750727,-0.2056528618315225
386511.99078750826,-0.1716043921708542
386511.9907875063,-0.21257114097819663
386511.9907875065,-0.1706562012926826
386511.9907875065,-0.14848481597119784
386511.99078750575,-0.18510557609385742
386511.9907875065,-0.16847075649052765
386511.99078750703,-0.24532932891016673
386511.9907875073,-0.13474535358510717
386511.9907875066,-0.18763846791119507
386511.9907875069,-0.21277578176629053
386511.99078750744,-0.15327758692536197
386511.990787506,-0.14455248376340418
386511.99078750616,-0.14806422971333272
386511.9907875068,-0.2655343566040055
386511.9907875064,-0.2399205342905349
386511.99078750674,-0.40391028886973873
386511.99078750645,-0.15553836382154493
386511.99078750686,-0.15049271033588243
386511.9907875068,-0.1625867745058487
386511.9907875058,-0.15017332086681578
386511.99078750727,-0.2850726454639545
386511.990787508,-0.20011965906086412
386511.99078750634,-0.26024085094621385
386511.99078750703,-0.25991752843358185
386511.990787507,-0.3900430025685057
386511.9907875062,-0.20801583801341497
386511.9907875066,-0.13716580453295446
386511.99078750826,-0.2059678036390846
386511.99078750674,-0.18022525179981863
386511.99078750756,-0.20805692730401523
386511.99078750634,-0.16333644307689169
386511.9907875064,-0.14061287626446245
386511.9907875076,-0.20930769808958724
386511.990787507,-0.2692790348222192
386511.9907875062,-0.17728753310006992
386511.99078750703,-0.2590206900350236
386511.990787508,-0.22590822692981943
386511.9907875061,-0.1743652886834853
386511.99078750657,-0.19742203637251932
386511.9907875067,-0.16951451494193778
386511.9907875065,-0.12904599259743163
386511.99078750785,-0.15303312092373336
386511.9907875064,-0.19075326704123352
386511.9907875073,-0.1191769710524694
386511.9907875065,-0.25950854148810326
386511.99078750645,-0.2770809050550543
386511.99078750634,-0.13462035795416166
386511.9907875071,-0.2257321710005975
386511.9907875067,-0.24493274484403735
386511.9907875061,-0.17827247354919562
386511.99078750634,-0.2267420066093438
386511.9907875068,-0.2750869084931051
386511.9907875065,-0.15132554274969223
386511.99078750727,-0.14571367981182382
386511.99078750756,-0.14562244045895292
386511.99078750703,-0.13511042850469082
386511.9907875077,-0.18709123584254655
386511.9907875063,-0.21628511269181652
386511.9907875066,-0.24094856352899563
386511.9907875066,-0.1513184110475373
386511.9907875067,-0.19483447030877124
386511.99078750744,-0.14297196564917222
386511.9907875067,-0.16344839111695258
386511.990787506,-0.1904729916416125
386511.9907875065,-0.1800310376517049
386511.9907875067,-0.137747795392899
386511.9907875072,-0.20530426342538158
386511.9907875076,-0.2118917624663277
386511.990787508,-0.1909844019776121
386511.9907875068,-0.157389098363904
386511.9907875067,-0.1614944887895374
386511.99078750744,-0.20106126371536745
386511.99078750744,-0.16677450955992826
386511.990787507,-0.20976338752158522
386511.99078750826,-0.22943993244853947
386511.99078750703,-0.20587557952690733
386511.9907875065,-0.2567321006066509
386511.99078750715,-0.143395343898759
386511.9907875061,-0.167102894560011
386511.9907875066,-0.1929416824419678
386511.9907875066,-0.15284693251996379
386511.9907875066,-0.24718047724942963
386511.9907875075,-0.2492140678804683
386511.9907875063,-0.168677284748625
386511.9907875082,-0.1982949250653257
386511.9907875072,-0.2643167500149752
386511.99078750616,-0.19313718842429575
386511.9907875071,-0.14943736144977518
386511.99078750686,-0.2008459798815094
386511.99078750686,-0.19516209217412686
386511.9907875081,-0.24818048334698636
386511.9907875065,-0.17585409828702694
386511.990787506,-0.14946521644299376
386511.990787506,-0.13468646422543445
386511.9907875068,-0.22912449013525113
386511.9907875073,-0.11369143663082823
386511.99078750727,-0.13444200767478304
386511.99078750703,-0.1486192868685119
386511.9907875073,-0.12619210251040058
386511.9907875067,-0.1939981309582217
386511.99078750744,-0.2719652632814403
386511.9907875067,-0.2154199220454525
386511.9907875068,-0.18982028423944072
386511.99078750744,-0.16235942147210794
386511.9907875075,-0.26201510824909163
386511.99078750686,-0.23039228192997163
386511.9907875078,-0.2026750343086687
386511.99078750686,-0.21628383549325828
386511.99078750715,-0.20183192622531662
386511.9907875071,-0.20459160213649483
386511.9907875071,-0.22024206959574852
386511.99078750674,-0.18762597540225104
386511.9907875061,-0.12949904813462762
386511.99078750756,-0.17324163212711902
386511.9907875068,-0.15222176581801705
386511.9907875069,-0.15106020003660797
386511.99078750727,-0.21430736738369024
386511.9907875071,-0.14393244573656575
386511.9907875071,-0.198268887018679
386511.99078750605,-0.16390021954400372
386511.99078750727,-0.22037560249698196
386511.9907875064,-0.2302423989934723
386511.9907875066,-0.17717951839233803
386511.9907875073,-0.22256340217636103
386511.99078750674,-0.1901631025121642
386511.9907875065,-0.14206261301238168
386511.99078750674,-0.1942850383988026
386511.99078750657,-0.17364240543309176
386511.990787506,-0.18951708192535713
386511.9907875071,-0.24363972729912342
386511.9907875069,-0.1545211349000821
386511.99078750657,-0.18836960145596768
386511.99078750634,-0.20560330691443449
386511.99078750686,-0.19861952445587833
386511.99078750744,-0.19850765109065627
386511.9907875074,-0.15812143545408117
386511.99078750645,-0.14633509178228196
386511.9907875072,-0.2271527512202962
386511.9907875065,-0.15969131104551476
386511.99078750686,-0.17351890314643378
386511.99078750727,-0.16400706013109706
386511.9907875067,-0.18735127187833572
386511.9907875069,-0.23886138686764882
386511.99078750744,-0.18728101382931614
386511.9907875056,-0.21044498783548757
386511.9907875078,-0.21519488309120444
386511.99078750727,-0.21030247274010547
386511.9907875071,-0.15466123143531202
386511.99078750703,-0.1701253771892765
386511.9907875065,-0.15784970671690868
386511.9907875073,-0.17591878154303892
386511.99078750727,-0.2890679896628948
386511.99078750686,-0.2138832932153523
386511.9907875069,-0.20504482821040293
386511.99078750686,-0.276313028605746
386511.9907875065,-0.20313249928452892
386511.9907875069,-0.20014810067516756
386511.99078750727,-0.19869246140320157
386511.9907875076,-0.2525375433183702
386511.99078750797,-0.20042753968995003
386511.9907875073,-0.21604956747934417
386511.9907875062,-0.22440519076849336
386511.9907875076,-0.15114413983485006
386511.9907875069,-0.20113395171989418
386511.99078750727,-0.1634382815400448
386511.9907875074,-0.1624812605059229
386511.99078750727,-0.14562991564237793
386511.9907875072,-0.1849038566517502
386511.9907875067,-0.167039876167701
386511.9907875065,-0.16025174901989106
386511.9907875073,-0.2537401390575926
386511.99078750616,-0.2304488523717356
386511.99078750634,-0.20137771344010708
386511.9907875061,-0.22536035593150938
386511.9907875066,-0.2264046711771801
386511.99078750686,-0.17717714533313703
386511.99078750703,-0.3077648027755636
386511.99078750575,-0.18287254727167876
386511.990787507,-0.17230723357658181
386511.9907875072,-0.15515294974858204
386511.99078750674,-0.14531364184263101
386511.9907875068,-0.2506606959587205
386511.99078750744,-0.18407402368469422
386511.9907875066,-0.23040819220926137
386511.9907875073,-0.19370288325906715
386511.99078750703,-0.2988830246578174
386511.9907875069,-0.1710005307022556
386511.9907875062,-0.13673515347828522
386511.990787507,-0.23813563124601592
386511.9907875073,-0.1570428151166984
386511.9907875064,-0.15265466694965424
386511.9907875071,-0.1882299471240384
386511.9907875071,-0.20679562515621128
386511.99078750686,-0.1827674175305316
386511.99078750674,-0.2488467036953077
386511.9907875067,-0.20133175695760572
386511.99078750686,-0.15379089027851614
386511.99078750715,-0.21208187633181935
386511.9907875071,-0.1945797536226662
386511.9907875071,-0.24906503692979104
386511.99078750645,-0.1581868216457483
386511.9907875072,-0.19377792042914863
386511.9907875061,-0.1670067454316555
386511.9907875069,-0.2199128498428324
386511.9907875066,-0.21500729105482572
386511.99078750605,-0.17317836150845287
386511.99078750506,-0.24021541882354247
386511.9907875065,-0.13880239584271364
386511.9907875078,-0.2674848988340253
386511.99078750634,-0.17240764389498522
386511.9907875076,-0.23245899452343138
386511.9907875065,-0.2679239082126969
386511.990787507,-0.28168977391480693
386511.990787507,-0.1579666468191481
386511.99078750703,-0.1412553377547768
386511.9907875066,-0.2562978654374029
386511.99078750686,-0.29144629786195025
386511.9907875065,-0.1690112911568687
386511.99078750616,-0.15027649701059737
386511.9907875066,-0.14035454209025844
386511.9907875072,-0.15086051074830958
386511.99078750674,-0.18264268426082578
386511.99078750715,-0.2013088275988037
386511.9907875071,-0.15630830377071578
386511.9907875066,-0.19235753426968438
386511.99078750715,-0.21305854529293383
386511.9907875071,-0.14722554641433422
386511.99078750645,-0.20007319021766856
386511.9907875077,-0.16513219444962554
386511.9907875063,-0.1620294100985971
386511.99078750616,-0.20964474259317276
386511.9907875075,-0.16576862064311618
386511.990787506,-0.13099786643517103
386511.9907875077,-0.1934631698257367
386511.99078750657,-0.20224519817119024
386511.9907875076,-0.23064926720311058
386511.99078750634,-0.30985621314552975
386511.9907875068,-0.18832863092940189
386511.9907875067,-0.23308683324704862
386511.99078750686,-0.13487097195115672
386511.9907875071,-0.21533202489713588
386511.990787507,-0.15397013824674421
386511.9907875085,-0.13888197278683137
386511.99078750657,-0.18978349220436827
386511.9907875052,-0.17255008140412667
386511.99078750634,-0.20827871458851382
386511.99078750703,-0.21083975218314907
386511.99078750674,-0.15081584753726898
386511.99078750686,-0.22619625717421205
386511.99078750715,-0.2674185820830752
386511.99078750744,-0.15804209706357797
386511.99078750686,-0.2005572312220814
386511.9907875066,-0.21161262545443793
386511.9907875076,-0.18730523446118966
386511.9907875068,-0.21977657900741454
386511.99078750575,-0.18928181577322026
386511.9907875072,-0.24987984888470485
386511.9907875067,-0.23769827616979305
386511.9907875079,-0.16509538737732962
386511.99078750686,-0.1649416673244458
386511.99078750686,-0.17255070218101856
386511.99078750674,-0.15176868541960767
386511.99078750715,-0.17122987688516997
386511.9907875065,-0.1922623578215778
386511.9907875056,-0.23859459437235045
386511.990787506,-0.23702470377168
386511.9907875064,-0.1691361389979597
386511.99078750855,-0.15224132951738437
386511.99078750657,-0.18326707266851383
386511.9907875067,-0.22113332147013945
386511.9907875068,-0.12107422633690222
386511.9907875074,-0.32746015329186284
386511.99078750645,-0.17485301424386776
386511.9907875068,-0.15093286874063375
386511.99078750686,-0.1785840310915117
386511.9907875065,-0.15639924314214596
386511.99078750657,-0.1910050914374748
386511.990787507,-0.16729675252760026
386511.99078750686,-0.23066970744230944
386511.9907875076,-0.23630260318491217
386511.9907875068,-0.21336944869534147
386511.99078750727,-0.202361820401532
386511.9907875067,-0.1897161516886127
386511.9907875073,-0.1505923121629056
386511.99078750686,-0.14009237428502114
386511.99078750634,-0.16267998879195186
386511.99078750616,-0.20597337302606636
386511.99078750657,-0.1745702207639975
386511.9907875079,-0.2217963678047586
386511.9907875066,-0.2144302007428779
386511.9907875059,-0.21336693672891105
386511.9907875072,-0.3109015097919919
386511.99078750634,-0.1708669606017791
386511.9907875056,-0.20835039637397287
386511.99078750616,-0.18302963559163782
386511.9907875076,-0.15926639841391188
386511.99078750686,-0.1363722438690797
386511.99078750686,-0.2115601732421192
386511.99078750727,-0.1362635016683218
386511.99078750744,-0.2245961119389166
386511.9907875057,-0.15876302281714172
386511.9907875064,-0.19057981093709814
386511.99078750564,-0.14641484369377541
386511.99078750634,-0.13427449048383192
386511.9907875061,-0.22893616718532306
386511.9907875071,-0.14726640635446395
386511.9907875059,-0.1662000261879727
386511.99078750674,-0.18189634498576138
386511.99078750634,-0.2713698968601633
386511.99078750657,-0.2512185380933792
386511.9907875071,-0.21362195700554124
386511.9907875076,-0.15509303305384245
386511.9907875065,-0.21528405979646478
386511.9907875064,-0.22063830815452395
386511.9907875067,-0.16927725636235433
386511.99078750686,-0.21110661750883594
386511.9907875059,-0.15053635693433245
386511.99078750797,-0.21090925336728147
386511.99078750634,-0.2405413720381218
386511.9907875071,-0.1852622244465923
386511.99078750727,-0.2163876862085633
386511.99078750727,-0.17557911139048524
386511.99078750756,-0.19916985300907547
386511.99078750674,-0.2560051173325691
386511.9907875069,-0.26052735924804454
386511.99078750814,-0.1167669027566539
386511.99078750715,-0.17238504315464268
386511.9907875085,-0.2670660719824049
386511.9907875069,-0.20785447782625543
386511.99078750727,-0.18295165149758238
386511.9907875065,-0.16629406688014206
386511.9907875067,-0.25438876916181014
386511.9907875052,-0.26783865622922165
386511.9907875065,-0.21298381884589102
386511.99078750605,-0.19280238727006707
386511.9907875082,-0.2946864966539761
386511.99078750703,-0.16950122300796874
386511.9907875071,-0.26225933099839355
386511.9907875069,-0.15419813641532007
386511.9907875061,-0.19298137290426093
386511.99078750674,-0.17314168582541933
386511.9907875064,-0.1747950612296336
386511.99078750744,-0.21657446979908343
386511.9907875069,-0.2212073731994918
386511.99078750674,-0.18100503531908352
386511.9907875071,-0.16074019299365955
386511.9907875058,-0.196132565631164
386511.99078750616,-0.2599564820613732
386511.9907875061,-0.16066565340470448
386511.99078750727,-0.25986041936023163
386511.99078750715,-0.12758409464227405
386511.9907875062,-0.2989008227225838
386511.9907875076,-0.2651153103565962
386511.9907875065,-0.1776281027587948
386511.9907875072,-0.17766995194718327
386511.9907875074,-0.3791113776022917
386511.9907875064,-0.2420199914476554
386511.9907875066,-0.16664874328043014
386511.9907875064,-0.16146931549565244
386511.99078750616,-0.18456122590720295
386511.9907875057,-0.22573282639789055
386511.9907875082,-0.29502026467992293
386511.9907875061,-0.18736383089763003
386511.9907875071,-0.18091912613961508
386511.99078750616,-0.23095250464844644
386511.9907875071,-0.18519979867923586
386511.99078750715,-0.11586029426853671
386511.9907875068,-0.17312628397574342
386511.9907875073,-0.1559777645806143
386511.9907875065,-0.19667056131323982
386511.99078750634,-0.1690579640528739
386511.99078750686,-0.18040792140709608
386511.9907875058,-0.16895383995615482
386511.99078750686,-0.21780980092799504
386511.9907875071,-0.19645963265192176
386511.99078750744,-0.22003479251575567
386511.9907875061,-0.19328243348268676
386511.99078750645,-0.21514438055053461
386511.9907875069,-0.2665591714886028
386511.9907875072,-0.2016492330205114
386511.9907875068,-0.258755171043318
386511.99078750674,-0.1579975059815907
386511.9907875075,-0.15804991533633495
386511.9907875055,-0.17756683124664782
386511.99078750587,-0.18173206644155915
386511.9907875068,-0.15004678683270276
386511.99078750587,-0.17930726902761074
386511.9907875062,-0.19847168986361874
386511.99078750674,-0.1566332063526949
386511.9907875078,-0.24997418619126222
386511.99078750855,-0.19045640340003409
386511.990787507,-0.15115195751565602
386511.9907875071,-0.22920369668464372
386511.9907875075,-0.16315799943961212
386511.99078750686,-0.2336335756650759
386511.99078750616,-0.1233079389068885
386511.99078750634,-0.19048459484838196
386511.99078750703,-0.21827273298328043
386511.9907875068,-0.2204739514840208
386511.9907875071,-0.1840535992807532
386511.9907875078,-0.17530023479240253
386511.99078750674,-0.16957970687964166
386511.99078750703,-0.18549687999994371
386511.99078750686,-0.2831261380784719
386511.9907875063,-0.20242267122013413
386511.9907875067,-0.2533517420259416
386511.99078750587,-0.2363009645264927
386511.9907875061,-0.13716021172386397
386511.99078750727,-0.18433156918713245
386511.99078750645,-0.2742840592507384
386511.99078750715,-0.1934614979444169
386511.99078750703,-0.20989119735583298
386511.9907875069,-0.19771998837676755
386511.9907875064,-0.1144859026433661
386511.99078750727,-0.23483470701114506
386511.99078750686,-0.16129648030977506
386511.99078750744,-0.16276415295135102
386511.9907875065,-0.15431707893749907
386511.9907875071,-0.18206898795361287
386511.99078750657,-0.15254061959015747
386511.9907875071,-0.1284425355111462
386511.9907875069,-0.2548992050130397
386511.9907875059,-0.24690827951643135
386511.99078750657,-0.19699686955871143
386511.9907875067,-0.2096562164160793
386511.9907875067,-0.15669233529901513
386511.99078750657,-0.19045497718526327
386511.9907875061,-0.1307650649817453
386511.99078750634,-0.22777206706625433
386511.99078750727,-0.16648259615252883
386511.9907875065,-0.23096071663658332
386511.99078750744,-0.20026604763446718
386511.99078750715,-0.28557102003932966
386511.99078750703,-0.21885051225231458
386511.9907875084,-0.21232226183630024
386511.990787508,-0.1593289787292075
386511.9907875062,-0.1953724504223364
386511.990787507,-0.16733649473351023
386511.990787507,-0.1622784388259933
386511.9907875075,-0.2189572390062068
386511.99078750674,-0.19623354597944773
386511.99078750744,-0.20582630378739988
386511.9907875066,-0.2725687255126977
386511.9907875078,-0.24561449514872233
386511.99078750674,-0.1870239341978833
386511.99078750674,-0.20780980503389906
386511.99078750727,-0.24193237117754834
386511.99078750634,-0.20396437303592713
386511.9907875085,-0.17378634134589196
386511.9907875063,-0.23599367262474194
386511.99078750686,-0.2635210085782966
386511.99078750744,-0.2523674996049646
386511.99078750645,-0.16702916557775704
386511.9907875074,-0.2364091131414105
386511.990787508,-0.15049642572599295
386511.9907875079,-0.22277730367119677
386511.9907875073,-0.18385604937367997
386511.9907875064,-0.1914264021276997
386511.9907875065,-0.14191913989184646
386511.99078750686,-0.309430584289696
386511.9907875069,-0.12896189609597733
386511.9907875064,-0.13781007976826334
386511.99078750674,-0.14387666891838866
386511.9907875069,-0.21472007984633795
386511.99078750703,-0.15045369529757469
386511.99078750727,-0.20423436461754274
386511.99078750773,-0.1655294790983361
386511.9907875071,-0.17896402999209027
386511.9907875071,-0.1451283934900137
386511.9907875061,-0.18841039992941436
386511.9907875066,-0.14110750074628436
386511.99078750686,-0.19354236524420557
386511.990787507,-0.18961406519344656
386511.990787508,-0.20923808568266505
386511.99078750744,-0.1644904354449551
386511.99078750727,-0.16174209947797785
386511.99078750645,-0.17041387601029961
386511.99078750715,-0.2644172682368852
386511.9907875057,-0.22241438451965018
386511.99078750686,-0.17066154946623927
386511.99078750686,-0.19261993327795257
386511.9907875075,-0.17787671335279523
386511.9907875061,-0.21264493014382937
386511.99078750727,-0.21107321046175986
386511.99078750727,-0.15595289235025359
386511.9907875071,-0.16898636182302915
386511.9907875064,-0.2194747953927166
386511.9907875065,-0.277476785701937
386511.99078750744,-0.17351562673536108
386511.9907875065,-0.20938976434123294
386511.99078750605,-0.22695476031881956
386511.99078750756,-0.16037488464760208
386511.99078750703,-0.23123307080281427
386511.99078750645,-0.1420303456068953
386511.99078750756,-0.19435914811386565
386511.9907875072,-0.2916622515783825
386511.9907875067,-0.20428907162902807
386511.9907875069,-0.15151096797695432
386511.99078750727,-0.1918229538531968
386511.9907875056,-0.2146774622384943
386511.9907875065,-0.20340353470661876
386511.99078750657,-0.1996944018093947
386511.990787507,-0.2126947130830731
386511.9907875073,-0.17274231066922424
386511.99078750703,-0.17773426425588829
386511.9907875065,-0.1770653685152806
386511.9907875061,-0.20455972029283906
386511.9907875071,-0.16984743589897883
386511.9907875071,-0.24449070687536656
386511.99078750744,-0.21461347673617243
386511.990787506,-0.17683307911254378
386511.9907875069,-0.1766528427097074
386511.9907875071,-0.20020647673292058
386511.99078750785,-0.23415961014509515
386511.99078750727,-0.2852748688159169
386511.99078750715,-0.20309500659184465
386511.99078750686,-0.19679782323487782
386511.9907875073,-0.16279045738148562
386511.99078750657,-0.19552913933321306
386511.9907875084,-0.26749534135846453
386511.9907875067,-0.21271030697079116
386511.99078750727,-0.19929376006826371
386511.9907875067,-0.1695405917713008
386511.99078750785,-0.15385265381696706
386511.9907875078,-0.143143312420634
386511.9907875067,-0.13832316920589385
386511.99078750727,-0.2164457870743051
386511.9907875075,-0.15590169370343185
386511.99078750703,-0.16671629640745292
386511.9907875061,-0.2019927480975843
386511.99078750756,-0.17533093908342853
386511.9907875061,-0.21465586084010646
386511.9907875066,-0.1814892133579541
386511.99078750686,-0.17674341229229018
386511.99078750686,-0.1757967838643204
386511.99078750605,-0.2350891844698005
386511.9907875077,-0.22933536063560542
386511.99078750686,-0.20141635400401997
386511.9907875067,-0.13773606871603888
386511.99078750727,-0.20734181352842676
386511.99078750703,-0.27613476759267125
386511.9907875079,-0.20106639303196702
386511.99078750645,-0.1679503055664169
386511.9907875065,-0.16549222006495495
386511.9907875073,-0.19728843789894243
386511.9907875066,-0.18708049618140044
386511.9907875066,-0.1423624469512517
386511.99078750703,-0.21724948614954506
386511.9907875079,-0.18146813406106815
386511.9907875065,-0.18143781969834408
386511.9907875067,-0.18037186481402911
386511.99078750715,-0.25830454075292447
386511.9907875067,-0.16154649946954197
386511.99078750727,-0.145807494987721
386511.99078750657,-0.1711566689717605
386511.99078750715,-0.1585450073173075
386511.99078750686,-0.22118389897530816
386511.990787508,-0.12277365865703341
386511.9907875062,-0.18366907450394557
386511.9907875077,-0.17524458925147773
386511.99078750634,-0.203041148039708
386511.9907875073,-0.23801264373640704
386511.99078750674,-0.19326026060977372
386511.99078750727,-0.2561641821733448
386511.9907875062,-0.19336352708460738
386511.99078750657,-0.28489969060082976
386511.99078750674,-0.12612186274652235
386511.99078750575,-0.2541998265572618
386511.9907875068,-0.17222660998811948
386511.99078750703,-0.15570157392579523
386511.9907875065,-0.23667445903541323
386511.99078750797,-0.21328948038781276
386511.99078750605,-0.20371140211663272
386511.9907875065,-0.1398965594290893
386511.9907875067,-0.1633520160153366
386511.9907875067,-0.22272367374741772
386511.9907875072,-0.1940958834698553
386511.9907875073,-0.18261845364219847
386511.9907875072,-0.28490199885592393
386511.9907875065,-0.22092895658251233
386511.99078750605,-0.2085191028319906
386511.9907875071,-0.1934392551203547
386511.9907875068,-0.28157649200113194
386511.9907875071,-0.2323791631925604
386511.9907875068,-0.13396930824734943
386511.990787507,-0.2549704997252135
386511.9907875068,-0.19117104429906626
386511.9907875075,-0.15674071100205814
386511.990787507,-0.13702743431840214
386511.99078750703,-0.31609661149939483
386511.9907875067,-0.2154509275279507
386511.99078750686,-0.20747906542226213
386511.9907875072,-0.11941403383181097
386511.99078750727,-0.2614303304386678
386511.9907875067,-0.1528328653441317
386511.99078750703,-0.16938967029844776
386511.99078750703,-0.16071332264903976
386511.9907875078,-0.21816972190468167
386511.99078750715,-0.2418262408094697
386511.99078750703,-0.2033560553848834
386511.99078750657,-0.23641908803353653
386511.99078750634,-0.2359391926061031
386511.9907875071,-0.24743451915180809
386511.99078750703,-0.2037160510882042
386511.9907875065,-0.1764251465959717
386511.99078750645,-0.1515908418244202
386511.9907875061,-0.19667185057780748
386511.9907875073,-0.14770415658007202
386511.9907875064,-0.21226944324962363
386511.9907875076,-0.13525081147241502
386511.9907875062,-0.1594611484299433
386511.990787507,-0.20915692226945984
386511.9907875078,-0.119502759818596
386511.99078750686,-0.15838349768975338
386511.9907875069,-0.17621259241209666
386511.99078750686,-0.21059273857652022
386511.9907875072,-0.29415877357157266
386511.990787507,-0.27657464617673144
386511.99078750744,-0.1593344344780017
386511.9907875069,-0.18165854851756968
386511.9907875067,-0.13880559133739803
386511.99078750657,-0.22714285617044863
386511.99078750727,-0.17129179799789893
386511.99078750575,-0.21483948858690594
386511.9907875067,-0.20734405853167495
386511.99078750703,-0.21658912015817283
386511.9907875072,-0.2629112038209422
386511.9907875071,-0.1585040910601896
386511.9907875066,-0.21870802304530346
386511.9907875057,-0.22604601700892515
386511.9907875063,-0.24268079942569715
386511.9907875066,-0.16129403945019383
386511.9907875065,-0.1851467773239787
386511.99078750727,-0.16520321702533478
386511.9907875071,-0.2141601690276092
386511.9907875074,-0.15809454530482864
386511.99078750686,-0.1870230995866155
386511.9907875067,-0.15033072700550715
386511.99078750703,-0.33257551492218673
386511.9907875067,-0.13195899008877912
386511.9907875059,-0.22883417608992973
386511.99078750634,-0.20080648561173275
386511.9907875071,-0.2440090380011367
386511.9907875067,-0.2916047562300437
386511.9907875075,-0.2370787760953007
386511.99078750715,-0.15482702723274497
386511.99078750634,-0.15138267155799603
386511.99078750657,-0.18154131669898782
386511.9907875076,-0.1833698370591449
386511.9907875068,-0.2545077809487707
386511.99078750645,-0.13871810458041114
386511.99078750645,-0.1419543631478304
386511.99078750616,-0.16917635309702647
386511.9907875072,-0.1701084889593938
386511.9907875054,-0.1940802354692592
386511.9907875067,-0.21718140804511757
386511.9907875065,-0.15122704837141993
386511.9907875067,-0.16677453746223075
386511.99078750587,-0.24475464984816137
386511.9907875064,-0.1894149612345207
386511.9907875062,-0.2575096509652888
386511.9907875065,-0.18543330915549608
386511.99078750703,-0.17981320893129885
386511.9907875074,-0.1733451332324235
386511.9907875074,-0.1943509377719072
386511.99078750686,-0.1819948523355355
386511.9907875065,-0.24663976764015796
386511.9907875065,-0.15445892485071686
386511.9907875066,-0.20698145857255096
386511.9907875065,-0.1569992132983126
386511.99078750727,-0.18935352315800008
386511.9907875066,-0.1959992425122915
386511.990787508,-0.1773247144407375
386511.990787507,-0.19909008455048197
386511.9907875073,-0.23700303970397135
386511.99078750634,-0.2086367636796054
386511.99078750634,-0.1765341986719578
386511.9907875065,-0.17566810263971358
386511.99078750587,-0.1851572467437051
386511.99078750605,-0.15585409708642464
386511.99078750686,-0.22798242377380756
386511.99078750674,-0.3090726835736168
386511.9907875067,-0.1775617429703337
386511.9907875081,-0.1767392448799836
386511.9907875072,-0.21376395144181062
386511.9907875071,-0.13436596997415529
386511.99078750674,-0.15018682325223798
386511.990787506,-0.16790733559496338
386511.9907875073,-0.20192357074763995
386511.990787507,-0.21438974506629466
386511.99078750785,-0.17351550931588486
386511.9907875066,-0.1802001540218099
386511.99078750703,-0.21986218325556078
386511.9907875074,-0.18625754644393647
386511.99078750686,-0.17929993565680416
386511.99078750587,-0.22379311499654242
386511.99078750703,-0.1642116061970771
386511.99078750744,-0.14688444624154315
386511.9907875068,-0.19877026555075256
386511.9907875077,-0.2164051948019586
386511.99078750773,-0.15317590047161533
386511.99078750634,-0.17770592287689543
386511.9907875071,-0.2576641588263177
386511.99078750686,-0.23487678199895237
386511.99078750564,-0.2674641976849833
386511.9907875075,-0.15224305694563037
386511.9907875069,-0.13477706448518129
386511.9907875061,-0.19962657389265007
386511.9907875056,-0.20208298134842317
386511.99078750715,-0.16309735132800868
386511.99078750686,-0.20954603023579593
386511.99078750616,-0.16852434240897565
386511.9907875064,-0.18468373113474248
386511.990787508,-0.2729645282322896
386511.99078750727,-0.23476399973955753
386511.9907875071,-0.16302442910432025
386511.9907875066,-0.13439040580508463
386511.99078750674,-0.19721254302653723
386511.99078750715,-0.15148745530605534
386511.99078750756,-0.17893357315793562
386511.99078750727,-0.1931827289713914
386511.99078750645,-0.22555893910787359
386511.9907875066,-0.25168532739080535
386511.9907875067,-0.18849873705428719
386511.99078750686,-0.2826262445126236
386511.9907875063,-0.16639284225812245
386511.9907875071,-0.17206831530051417
386511.9907875072,-0.17579011924592813
386511.9907875078,-0.15587654085608188
386511.99078750634,-0.24025662412937882
386511.99078750616,-0.15325918934533833
386511.9907875073,-0.2677179380842463
386511.99078750674,-0.3300904777292227
386511.9907875065,-0.22031179583091245
386511.9907875063,-0.14916111029299423
386511.99078750657,-0.2158911778485482
386511.9907875067,-0.13623159047426245
386511.9907875059,-0.18311708439823018
386511.99078750634,-0.19145188289772402
386511.99078750657,-0.12013914352644738
386511.9907875061,-0.2624513472510696
